bb,bb,ba,+387,2016/05/19 12:23:32
Novost, Opis, ba, +387, 2016/04/25 13:03:03
Prije sat, sat, ba, +387, 2016/05/19 22:10:10
Prije dan, dan, ba, +387, 2016/05/18 20:00:00
Ponedjeljak, pon, ba, +387, 2016/05/16 20:00:00
Nedj, ned, ba, +387, 2016/05/15 20:00:00
roba add,novost,hr,+385,2016/05/19 22:34:18
sdf,fds,ba,+37,2016/05/19 22:35:25
af,dfs,ba,+387,2016/05/19 22:35:45
velika vijest,sssssssssssss ssssss ssssssssssssssss ssssssssssssssssssssssssssssssssssssssssssssssssssssssssssssssssssssssssssssssssssssssssssssssssssssssssssssssssssssfffffffffffffffffffffffffffffffffffffffffffffffffffffffffffffffffffffffffffffffffffffffffffffffffffffffffffffffffffffffffffffffffffffffffeeeeeeeeeeeeeeeeeeeeeeeeeeeeeeeeeeeeeeeeeeeeeeeeeeeeeeeeeeeeeeeeeeeeeeeeeeeeeeeeeeeegggggggggggggggggggggggggggggggggggggggggggggggggggggggggg,ba,+387,2016/05/20 16:03:23
